序号,链接,节点数
0,https://gitlab.com/colloq168/nodefiltrate/-/raw/main/filtrate?ref_type=heads,29
1,https://jc.openxai.link/,0
2,https://nekocandy.pages.dev/sub,0
3,https://raw.githubusercontent.com/Barabama/FreeNodes/main/nodes/nodefree.yaml,13
4,https://raw.githubusercontent.com/Barabama/FreeNodes/main/nodes/wenode.yaml,14
5,https://raw.githubusercontent.com/Pawdroid/Free-servers/main/sub,22
6,https://raw.githubusercontent.com/Rokate/Proxy-Sub/main/clash/clash_trojan.yml,0
7,https://raw.githubusercontent.com/Rokate/Proxy-Sub/main/clash/clash_v2ray.yml,0
8,https://raw.githubusercontent.com/Surfboardv2ray/TGParse/main/python/hy2,8
9,https://raw.githubusercontent.com/Surfboardv2ray/TGParse/main/python/hysteria2,48
10,https://raw.githubusercontent.com/abshare/abshare.github.io/main/README.md,58
11,https://raw.githubusercontent.com/aiboboxx/v2rayfree/main/v2,4
12,https://raw.githubusercontent.com/freefq/free/master/v2,15
13,https://raw.githubusercontent.com/learnhard-cn/free_proxy_ss/main/clash/clash.provider.yaml,0
14,https://raw.githubusercontent.com/mianfeifq/share/main/README.md,0
15,https://raw.githubusercontent.com/mksshare/mksshare.github.io/main/README.md,69
16,https://raw.githubusercontent.com/qjlxg/hy2/main/splitted/hy2,11
17,https://raw.githubusercontent.com/ripaojiedian/freenode/main/clash,28
18,https://raw.githubusercontent.com/ripaojiedian/freenode/main/sub,27
19,https://raw.githubusercontent.com/zhangkaiitugithub/passcro/main/speednodes.yaml,37
20,https://vpnyyds.link/free,14
21,dynamic://peasoft,5

总计,,199
